population,n_responders,n_non_responders,median_resp,median_nonresp,U_statistic,p_value,significant
cd4_t_cell,993,975,30.22,29.66,515276.0,0.013344,Yes
b_cell,993,975,9.43,9.79,459971.0,0.055702,No
nk_cell,993,975,14.51,14.8,464546.0,0.121051,No
monocyte,993,975,19.61,19.94,466510.0,0.16315,No
cd8_t_cell,993,975,24.73,24.6,478176.0,0.639086,No
